06/20/2024 05:00,1.07424,1.07435,1.0737,1.07393,-3.1,-0.03
06/20/2024 04:00,1.07419,1.0745,1.0739,1.07425,0.6,0.01
06/20/2024 03:00,1.07393,1.0742,1.0737,1.07417,2.4,0.02
06/20/2024 02:00,1.07456,1.0746,1.0737,1.0739,-6.6,-0.06
06/20/2024 01:00,1.07461,1.0748,1.0741,1.07455,-0.6,-0.01
06/20/2024 00:00,1.07469,1.07481,1.0743,1.07461,-0.8,-0.01
06/19/2024 23:00,1.07454,1.075,1.0744,1.0747,1.6,0.01
06/19/2024 22:00,1.07437,1.0748,1.0742,1.07453,1.6,0.01
06/19/2024 21:00,1.0742,1.0748,1.07293,1.07424,0.4,0.00
06/19/2024 20:00,1.07445,1.0746,1.0741,1.0742,-2.5,-0.02
06/19/2024 19:00,1.07431,1.0746,1.0741,1.07446,1.5,0.01
06/19/2024 18:00,1.07444,1.0745,1.0741,1.07432,-1.2,-0.01
06/19/2024 17:00,1.0747,1.0748,1.0742,1.07444,-2.6,-0.02
06/19/2024 16:00,1.07493,1.07493,1.0745,1.07467,-2.6,-0.02
06/19/2024 15:00,1.0748,1.075,1.0739,1.07491,1.1,0.01
06/19/2024 14:00,1.07434,1.0751,1.0742,1.0748,4.6,0.04
06/19/2024 13:00,1.07459,1.07481,1.0739,1.07435,-2.4,-0.02
06/19/2024 12:00,1.07509,1.0753,1.0741,1.07458,-5.1,-0.05
06/19/2024 11:00,1.07501,1.07532,1.0745,1.07508,0.7,0.01
06/19/2024 10:00,1.07368,1.07521,1.0734,1.075,13.2,0.12
06/19/2024 09:00,1.07404,1.0744,1.0731,1.07369,-3.5,-0.03
06/19/2024 08:00,1.07365,1.0742,1.0733,1.0738,1.5,0.01
06/19/2024 07:00,1.07313,1.07407,1.0723,1.07365,5.2,0.05
06/19/2024 06:00,1.07378,1.07413,1.0726,1.0731,-6.8,-0.06
06/19/2024 05:00,1.07358,1.0739,1.0733,1.07375,1.7,0.02
06/19/2024 04:00,1.07376,1.0738,1.0733,1.0735,-2.6,-0.02
06/19/2024 03:00,1.07385,1.07403,1.0735,1.07376,-0.9,-0.01
06/19/2024 02:00,1.07406,1.0743,1.0736,1.07386,-2.0,-0.02
06/19/2024 01:00,1.07373,1.07417,1.0734,1.07406,3.3,0.03
06/19/2024 00:00,1.07384,1.07394,1.0735,1.07373,-1.1,-0.01
06/18/2024 23:00,1.07403,1.0741,1.0737,1.07386,-1.7,-0.02
06/18/2024 22:00,1.07403,1.0743,1.0738,1.07402,-0.1,0.00
06/18/2024 21:00,1.0738,1.0742,1.0736,1.07398,1.8,0.02
06/18/2024 20:00,1.07385,1.0741,1.0736,1.0738,-0.5,0.00
06/18/2024 19:00,1.07396,1.07396,1.0734,1.07387,-0.9,-0.01
06/18/2024 18:00,1.0735,1.07403,1.073,1.07396,4.6,0.04
06/18/2024 17:00,1.07394,1.07433,1.0732,1.0735,-4.4,-0.04
06/18/2024 16:00,1.07384,1.0743,1.0735,1.07391,0.7,0.01
06/18/2024 15:00,1.07381,1.07422,1.0733,1.07384,0.3,0.00
06/18/2024 14:00,1.07484,1.07613,1.07359,1.07381,-10.3,-0.10
06/18/2024 13:00,1.07312,1.07495,1.0728,1.07479,16.7,0.16
06/18/2024 12:00,1.0716,1.07339,1.0709,1.07311,15.1,0.14
06/18/2024 11:00,1.07178,1.07182,1.0709,1.0715,-2.8,-0.03
06/18/2024 10:00,1.07194,1.0721,1.0714,1.07178,-1.6,-0.01
06/18/2024 09:00,1.07188,1.07255,1.0714,1.07197,0.9,0.01
06/18/2024 08:00,1.07234,1.07246,1.0714,1.07188,-4.6,-0.04
06/18/2024 07:00,1.07332,1.07352,1.0721,1.07234,-9.8,-0.09
06/18/2024 06:00,1.0723,1.0734,1.0722,1.07331,10.1,0.09
06/18/2024 05:00,1.07212,1.07235,1.0718,1.0723,1.8,0.02
06/18/2024 04:00,1.07247,1.0727,1.0718,1.07213,-3.4,-0.03
06/18/2024 03:00,1.07241,1.0725,1.0719,1.07247,0.6,0.01
06/18/2024 02:00,1.07276,1.07282,1.0723,1.0725,-2.6,-0.02
06/18/2024 01:00,1.0736,1.07366,1.0726,1.07278,-8.2,-0.08
06/18/2024 00:00,1.07398,1.0741,1.0734,1.07359,-3.9,-0.04
06/17/2024 23:00,1.0738,1.0741,1.0733,1.07399,1.9,0.02
06/17/2024 22:00,1.07317,1.07401,1.07313,1.07376,5.9,0.05
06/17/2024 21:00,1.0734,1.0737,1.07282,1.07316,-2.4,-0.02
06/17/2024 20:00,1.07321,1.0736,1.0731,1.0734,1.9,0.02
06/17/2024 19:00,1.07361,1.07362,1.0729,1.0732,-4.1,-0.04
06/17/2024 18:00,1.0726,1.0739,1.0725,1.0736,10,0.09
06/17/2024 17:00,1.0725,1.07272,1.0722,1.07259,0.9,0.01
06/17/2024 16:00,1.07221,1.0728,1.0719,1.0725,2.9,0.03
06/17/2024 15:00,1.07155,1.0725,1.0714,1.07221,6.6,0.06
06/17/2024 14:00,1.07161,1.07182,1.0711,1.07161,0.0,0.00
06/17/2024 13:00,1.0712,1.0722,1.0711,1.07159,3.9,0.04
06/17/2024 12:00,1.07093,1.07153,1.0705,1.07135,4.2,0.04
06/17/2024 11:00,1.07101,1.0719,1.0708,1.07096,-0.5,0.00
06/17/2024 10:00,1.07111,1.07136,1.07,1.07097,-1.4,-0.01
06/17/2024 09:00,1.07066,1.0715,1.0705,1.07112,4.6,0.04
06/17/2024 08:00,1.07001,1.07124,1.0698,1.07065,6.4,0.06
06/17/2024 07:00,1.06975,1.0709,1.0691,1.07007,3.2,0.03
06/17/2024 06:00,1.06993,1.07039,1.0685,1.06971,-2.2,-0.02
06/17/2024 05:00,1.07038,1.0705,1.0698,1.07002,-3.6,-0.03
06/17/2024 04:00,1.07037,1.0706,1.07,1.07036,-0.1,0.00
06/17/2024 03:00,1.0704,1.0705,1.07,1.07035,-0.5,0.00
06/17/2024 02:00,1.07013,1.0705,1.0697,1.07037,2.4,0.02
06/17/2024 01:00,1.07038,1.0705,1.0698,1.07011,-2.7,-0.03
06/17/2024 00:00,1.07022,1.07071,1.0699,1.07045,2.3,0.02
06/16/2024 23:00,1.07064,1.07071,1.07,1.07018,-4.6,-0.04
06/16/2024 22:00,1.07017,1.07087,1.07016,1.07064,4.7,0.04
06/16/2024 21:00,1.07024,1.07063,1.07008,1.07022,-0.2,0.00
06/14/2024 20:00,1.07058,1.0708,1.06969,1.0703,-2.8,-0.03
06/14/2024 19:00,1.06993,1.0706,1.0697,1.07057,6.4,0.06
06/14/2024 18:00,1.0698,1.0701,1.0693,1.07001,2.1,0.02
06/14/2024 17:00,1.07004,1.0705,1.0695,1.0698,-2.4,-0.02
06/14/2024 16:00,1.06987,1.0702,1.0692,1.07003,1.6,0.01
06/14/2024 15:00,1.06872,1.07,1.0683,1.06981,10.9,0.10
06/14/2024 14:00,1.0669,1.0688,1.0666,1.06867,17.7,0.17
06/14/2024 13:00,1.06893,1.06924,1.0666,1.06689,-20.4,-0.19
06/14/2024 12:00,1.06938,1.06952,1.0678,1.0689,-4.8,-0.04
06/14/2024 11:00,1.06978,1.0706,1.0691,1.06925,-5.3,-0.05
06/14/2024 10:00,1.06871,1.0699,1.0678,1.06984,11.3,0.11
06/14/2024 09:00,1.06916,1.0692,1.0671,1.06861,-5.5,-0.05
06/14/2024 08:00,1.07073,1.0712,1.0688,1.069,-17.3,-0.16
06/14/2024 07:00,1.07249,1.07272,1.0706,1.07074,-17.5,-0.16
06/14/2024 06:00,1.07304,1.07327,1.0714,1.0724,-6.4,-0.06
06/14/2024 05:00,1.07362,1.07372,1.0729,1.07308,-5.4,-0.05
06/14/2024 04:00,1.07402,1.0741,1.0733,1.0735,-5.2,-0.05
06/14/2024 03:00,1.0743,1.07449,1.0736,1.07401,-2.9,-0.03
06/14/2024 02:00,1.07414,1.0745,1.0738,1.07432,1.8,0.02
06/14/2024 01:00,1.07361,1.0742,1.0734,1.0741,4.9,0.05
06/14/2024 00:00,1.07371,1.0741,1.0734,1.0737,-0.1,0.00
06/13/2024 23:00,1.07381,1.0741,1.0736,1.0737,-1.1,-0.01
06/13/2024 22:00,1.07387,1.074,1.0734,1.07383,-0.4,0.00
06/13/2024 21:00,1.0735,1.0743,1.07324,1.07379,2.9,0.03
06/13/2024 20:00,1.07403,1.07431,1.0736,1.07378,-2.5,-0.02
06/13/2024 19:00,1.07393,1.0743,1.0736,1.07421,2.8,0.03
06/13/2024 18:00,1.07422,1.0743,1.0734,1.07397,-2.5,-0.02
06/13/2024 17:00,1.07349,1.0744,1.0733,1.07424,7.5,0.07
06/13/2024 16:00,1.07552,1.07556,1.0732,1.07348,-20.4,-0.19
06/13/2024 15:00,1.07714,1.07723,1.0752,1.07553,-16.1,-0.15
06/13/2024 14:00,1.07873,1.07905,1.0761,1.07704,-16.9,-0.16
06/13/2024 13:00,1.07936,1.0808,1.0785,1.0788,-5.6,-0.05
06/13/2024 12:00,1.07834,1.08154,1.0779,1.07957,12.3,0.11
06/13/2024 11:00,1.07942,1.07967,1.0782,1.07836,-10.6,-0.10
06/13/2024 10:00,1.08016,1.08093,1.0792,1.07936,-8.0,-0.07
06/13/2024 09:00,1.0806,1.08115,1.08,1.08019,-4.1,-0.04
06/13/2024 08:00,1.08139,1.0815,1.0803,1.0806,-7.9,-0.07
06/13/2024 07:00,1.08019,1.0817,1.08,1.0814,12.1,0.11
06/13/2024 06:00,1.08039,1.08071,1.0799,1.08023,-1.6,-0.01
06/13/2024 05:00,1.08037,1.0807,1.0799,1.08055,1.8,0.02
06/13/2024 04:00,1.08068,1.0808,1.0802,1.08038,-3.0,-0.03
06/13/2024 03:00,1.08079,1.08091,1.0804,1.08067,-1.2,-0.01
06/13/2024 02:00,1.08045,1.0809,1.0803,1.0808,3.5,0.03
06/13/2024 01:00,1.08127,1.0816,1.0802,1.0805,-7.7,-0.07
06/13/2024 00:00,1.08126,1.0816,1.0809,1.08128,0.2,0.00
06/12/2024 23:00,1.08104,1.0816,1.0809,1.08126,2.2,0.02
06/12/2024 22:00,1.08122,1.0816,1.0809,1.08105,-1.7,-0.02
06/12/2024 21:00,1.08084,1.0819,1.08021,1.08126,4.2,0.04
06/12/2024 20:00,1.08062,1.0812,1.0803,1.0809,2.8,0.03
06/12/2024 19:00,1.08114,1.0818,1.0802,1.08051,-6.3,-0.06
06/12/2024 18:00,1.08355,1.0842,1.08065,1.08154,-20.1,-0.19
06/12/2024 17:00,1.08441,1.0846,1.0834,1.08369,-7.2,-0.07
06/12/2024 16:00,1.08424,1.0848,1.084,1.08441,1.7,0.02
06/12/2024 15:00,1.08481,1.08523,1.0841,1.08421,-6.0,-0.06
06/12/2024 14:00,1.08362,1.0851,1.0816,1.08479,11.7,0.11
06/12/2024 13:00,1.08265,1.08373,1.08182,1.08367,10.2,0.09
06/12/2024 12:00,1.07638,1.0831,1.0761,1.08273,63.5,0.59
06/12/2024 11:00,1.07586,1.0765,1.0755,1.07637,5.1,0.05
06/12/2024 10:00,1.07527,1.07601,1.0748,1.07579,5.2,0.05
06/12/2024 09:00,1.07465,1.0754,1.0743,1.0752,5.5,0.05
06/12/2024 08:00,1.07445,1.0754,1.0743,1.07466,2.1,0.02
06/12/2024 07:00,1.07414,1.07454,1.0734,1.0743,1.6,0.01
06/12/2024 06:00,1.07459,1.07471,1.0737,1.07425,-3.4,-0.03
06/12/2024 05:00,1.07365,1.0746,1.0734,1.07453,8.8,0.08
06/12/2024 04:00,1.07402,1.0741,1.0735,1.0736,-4.2,-0.04
06/12/2024 03:00,1.07416,1.07431,1.0738,1.07402,-1.4,-0.01
06/12/2024 02:00,1.074,1.0743,1.0737,1.07415,1.5,0.01
06/12/2024 01:00,1.07358,1.0742,1.0733,1.07401,4.3,0.04
06/12/2024 00:00,1.074,1.074,1.0733,1.0736,-4,-0.04
06/11/2024 23:00,1.07407,1.0742,1.0737,1.07398,-0.9,-0.01
06/11/2024 22:00,1.07417,1.0744,1.0739,1.07403,-1.4,-0.01
06/11/2024 21:00,1.0739,1.0746,1.07316,1.0742,3,0.03
06/11/2024 20:00,1.074,1.0742,1.0737,1.07398,-0.2,0.00
06/11/2024 19:00,1.07432,1.07494,1.0739,1.07409,-2.3,-0.02
06/11/2024 18:00,1.07421,1.07452,1.0739,1.07435,1.4,0.01
06/11/2024 17:00,1.07374,1.07432,1.0735,1.07432,5.8,0.05
06/11/2024 16:00,1.07318,1.0739,1.0731,1.0736,4.2,0.04
06/11/2024 15:00,1.07221,1.07335,1.0721,1.07323,10.2,0.10
06/11/2024 14:00,1.07238,1.07292,1.0719,1.07218,-2.0,-0.02
06/11/2024 13:00,1.07319,1.07365,1.0719,1.07223,-9.6,-0.09
06/11/2024 12:00,1.07289,1.07364,1.0724,1.07318,2.9,0.03
06/11/2024 11:00,1.07412,1.07416,1.0722,1.07261,-15.1,-0.14
06/11/2024 10:00,1.07506,1.07563,1.0735,1.07387,-11.9,-0.11
06/11/2024 09:00,1.07452,1.0754,1.0739,1.07524,7.2,0.07
06/11/2024 08:00,1.0764,1.0765,1.0743,1.07463,-17.7,-0.16
06/11/2024 07:00,1.07679,1.07694,1.076,1.0763,-4.9,-0.05
06/11/2024 06:00,1.07653,1.07735,1.0764,1.07681,2.8,0.03
06/11/2024 05:00,1.07682,1.077,1.0763,1.07651,-3.1,-0.03
06/11/2024 04:00,1.0769,1.0771,1.0766,1.0766,-3,-0.03
06/11/2024 03:00,1.07678,1.077,1.0765,1.0769,1.2,0.01
06/11/2024 02:00,1.0766,1.0769,1.0763,1.07675,1.5,0.01
06/11/2024 01:00,1.07634,1.0769,1.0761,1.07662,2.8,0.03
06/11/2024 00:00,1.07634,1.0765,1.076,1.07635,0.1,0.00
06/10/2024 23:00,1.07647,1.0766,1.0761,1.07634,-1.3,-0.01
06/10/2024 22:00,1.07653,1.0771,1.0763,1.0765,-0.3,0.00
06/10/2024 21:00,1.0765,1.0767,1.0751,1.0764,-1,-0.01
06/10/2024 20:00,1.07628,1.0767,1.076,1.0765,2.2,0.02
06/10/2024 19:00,1.07615,1.07655,1.076,1.07622,0.7,0.01
06/10/2024 18:00,1.07592,1.0763,1.0755,1.07618,2.6,0.02
06/10/2024 17:00,1.07541,1.07604,1.0749,1.07586,4.5,0.04
06/10/2024 16:00,1.07501,1.0759,1.0749,1.07539,3.8,0.04
06/10/2024 15:00,1.07337,1.075,1.0731,1.07494,15.7,0.15
06/10/2024 14:00,1.074,1.0745,1.0732,1.07346,-5.4,-0.05
06/10/2024 13:00,1.07412,1.07492,1.0736,1.07403,-0.9,-0.01
06/10/2024 12:00,1.07536,1.07605,1.074,1.07416,-12.0,-0.11
06/10/2024 11:00,1.07369,1.0755,1.0735,1.07545,17.6,0.16
06/10/2024 10:00,1.0743,1.0744,1.0731,1.07369,-6.1,-0.06
06/10/2024 09:00,1.07565,1.0759,1.0739,1.07431,-13.4,-0.12
06/10/2024 08:00,1.07644,1.07682,1.0754,1.07558,-8.6,-0.08
06/10/2024 07:00,1.0752,1.07665,1.0746,1.0764,12,0.11
06/10/2024 06:00,1.07531,1.0759,1.0747,1.07518,-1.3,-0.01
06/10/2024 05:00,1.07543,1.07555,1.0746,1.07542,-0.1,0.00
06/10/2024 04:00,1.07553,1.0756,1.0746,1.07532,-2.1,-0.02
06/10/2024 03:00,1.07675,1.0769,1.0754,1.07554,-12.1,-0.11
06/10/2024 02:00,1.0775,1.0775,1.0765,1.0767,-8,-0.07
06/10/2024 01:00,1.07779,1.078,1.077,1.0775,-2.9,-0.03
06/10/2024 00:00,1.07785,1.07812,1.0773,1.0776,-2.5,-0.02
06/09/2024 23:00,1.07769,1.0781,1.0774,1.07782,1.3,0.01
06/09/2024 22:00,1.07706,1.07778,1.07648,1.07769,6.3,0.06
06/09/2024 21:00,1.07754,1.0776,1.07621,1.07709,-4.5,-0.04
06/07/2024 20:00,1.08,1.0816,1.0796,1.0816,16,0.15
06/07/2024 19:00,1.0805,1.0808,1.0798,1.08002,-4.8,-0.04
06/07/2024 18:00,1.08049,1.0807,1.0799,1.08054,0.5,0.00
06/07/2024 17:00,1.08049,1.08061,1.0799,1.08049,0.0,0.00
06/07/2024 16:00,1.08068,1.08121,1.0801,1.0803,-3.8,-0.04
06/07/2024 15:00,1.08124,1.0813,1.0803,1.08061,-6.3,-0.06
06/07/2024 14:00,1.08194,1.08256,1.0809,1.08112,-8.2,-0.08
06/07/2024 13:00,1.0833,1.0836,1.0816,1.082,-13,-0.12
06/07/2024 12:00,1.08983,1.09015,1.0823,1.08335,-64.8,-0.60
06/07/2024 11:00,1.08881,1.09017,1.0886,1.08982,10.1,0.09
06/07/2024 10:00,1.08912,1.0895,1.0887,1.08891,-2.1,-0.02
06/07/2024 09:00,1.0889,1.08961,1.0887,1.08915,2.5,0.02
06/07/2024 08:00,1.08926,1.08931,1.0882,1.08882,-4.4,-0.04
06/07/2024 07:00,1.08921,1.08984,1.0888,1.0892,-0.1,0.00
06/07/2024 06:00,1.08907,1.08965,1.0886,1.08916,0.9,0.01
06/07/2024 05:00,1.08951,1.0896,1.0888,1.0889,-6.1,-0.06
06/07/2024 04:00,1.08944,1.0898,1.0892,1.0895,0.6,0.01
06/07/2024 03:00,1.08968,1.0898,1.0892,1.08943,-2.5,-0.02
06/07/2024 02:00,1.08958,1.0899,1.0892,1.08963,0.5,0.00
06/07/2024 01:00,1.08895,1.0897,1.0885,1.08954,5.9,0.05
06/07/2024 00:00,1.08913,1.08923,1.0885,1.08892,-2.1,-0.02
06/06/2024 23:00,1.08919,1.0895,1.0889,1.0891,-0.9,-0.01
06/06/2024 22:00,1.0889,1.0894,1.0889,1.0891,2,0.02
06/06/2024 21:00,1.08894,1.0893,1.08872,1.08897,0.3,0.00
06/06/2024 20:00,1.08892,1.0894,1.0887,1.0889,-0.2,0.00
06/06/2024 19:00,1.08929,1.0895,1.0887,1.08892,-3.7,-0.03
06/06/2024 18:00,1.08921,1.0895,1.0884,1.08935,1.4,0.01
06/06/2024 17:00,1.08819,1.0894,1.0879,1.0891,9.1,0.08
06/06/2024 16:00,1.08817,1.0888,1.0878,1.08816,-0.1,0.00
06/06/2024 15:00,1.0877,1.0887,1.0877,1.08817,4.7,0.04
06/06/2024 14:00,1.08849,1.0892,1.0871,1.08777,-7.2,-0.07
06/06/2024 13:00,1.08812,1.0891,1.0871,1.08849,3.7,0.03
06/06/2024 12:00,1.08677,1.09019,1.08621,1.08834,15.7,0.14
06/06/2024 11:00,1.08763,1.0877,1.0861,1.08663,-10.0,-0.09
06/06/2024 10:00,1.08798,1.0882,1.0874,1.08762,-3.6,-0.03
06/06/2024 09:00,1.08769,1.08821,1.0875,1.08794,2.5,0.02
06/06/2024 08:00,1.08782,1.0879,1.0869,1.0877,-1.2,-0.01
06/06/2024 07:00,1.0884,1.08881,1.0874,1.08779,-6.1,-0.06
06/06/2024 06:00,1.08846,1.0885,1.0875,1.08822,-2.4,-0.02
06/06/2024 05:00,1.08869,1.0888,1.088,1.08848,-2.1,-0.02
06/06/2024 04:00,1.08905,1.0892,1.0885,1.08864,-4.1,-0.04
06/06/2024 03:00,1.08915,1.0894,1.0888,1.08905,-1.0,-0.01
06/06/2024 02:00,1.08939,1.0897,1.0887,1.08916,-2.3,-0.02
06/06/2024 01:00,1.08816,1.0895,1.088,1.08934,11.8,0.11
06/06/2024 00:00,1.0874,1.08821,1.0872,1.08819,7.9,0.07
06/05/2024 23:00,1.08727,1.0875,1.0871,1.08741,1.4,0.01
06/05/2024 22:00,1.08702,1.0875,1.0868,1.0871,0.8,0.01
06/05/2024 21:00,1.08682,1.0875,1.08636,1.0869,0.8,0.01
06/05/2024 20:00,1.08738,1.0874,1.0866,1.08689,-4.9,-0.05
06/05/2024 19:00,1.08755,1.0877,1.0871,1.08737,-1.8,-0.02
06/05/2024 18:00,1.08672,1.08772,1.0864,1.08756,8.4,0.08
06/05/2024 17:00,1.08648,1.08675,1.0859,1.08667,1.9,0.02
06/05/2024 16:00,1.08645,1.08686,1.0853,1.08638,-0.7,-0.01
06/05/2024 15:00,1.08663,1.08706,1.0861,1.0862,-4.3,-0.04
06/05/2024 14:00,1.08878,1.08878,1.0861,1.08653,-22.5,-0.21
06/05/2024 13:00,1.0884,1.0892,1.088,1.08859,1.9,0.02
06/05/2024 12:00,1.08679,1.08842,1.0867,1.0883,15.1,0.14
06/05/2024 11:00,1.08681,1.08691,1.0858,1.08677,-0.4,0.00
06/05/2024 10:00,1.08732,1.0874,1.0863,1.08683,-4.9,-0.05
06/05/2024 09:00,1.08754,1.0878,1.087,1.0874,-1.4,-0.01
06/05/2024 08:00,1.08717,1.0877,1.0869,1.08751,3.4,0.03
06/05/2024 07:00,1.08757,1.08793,1.087,1.08709,-4.8,-0.04
06/05/2024 06:00,1.08789,1.08801,1.087,1.08763,-2.6,-0.02
06/05/2024 05:00,1.08806,1.08822,1.0874,1.0878,-2.6,-0.02
06/05/2024 04:00,1.08781,1.0881,1.0875,1.08803,2.2,0.02
06/05/2024 03:00,1.08832,1.08835,1.0875,1.08785,-4.7,-0.04
06/05/2024 02:00,1.0884,1.0886,1.0881,1.08831,-0.9,-0.01
06/05/2024 01:00,1.08842,1.08861,1.0879,1.08831,-1.1,-0.01
06/05/2024 00:00,1.08815,1.0886,1.0877,1.08838,2.3,0.02
06/04/2024 23:00,1.0878,1.0882,1.0878,1.08814,3.4,0.03
06/04/2024 22:00,1.08785,1.0883,1.0877,1.08794,0.9,0.01
06/04/2024 21:00,1.088,1.0883,1.08756,1.08771,-2.9,-0.03
06/04/2024 20:00,1.08809,1.0881,1.0877,1.08784,-2.5,-0.02
06/04/2024 19:00,1.08819,1.0883,1.0877,1.08815,-0.4,0.00
06/04/2024 18:00,1.08832,1.08865,1.0879,1.08821,-1.1,-0.01
06/04/2024 17:00,1.088,1.0888,1.0876,1.0882,2,0.02
06/04/2024 16:00,1.08778,1.0884,1.0876,1.08802,2.4,0.02
06/04/2024 15:00,1.08801,1.08834,1.0873,1.0878,-2.1,-0.02
06/04/2024 14:00,1.08636,1.0882,1.0862,1.08802,16.6,0.15
06/04/2024 13:00,1.08644,1.0872,1.0861,1.08653,0.9,0.01
06/04/2024 12:00,1.08615,1.08701,1.086,1.08632,1.7,0.02
06/04/2024 11:00,1.08663,1.0871,1.0858,1.08603,-6.0,-0.06
06/04/2024 10:00,1.08714,1.0872,1.0861,1.08661,-5.3,-0.05
06/04/2024 09:00,1.08808,1.0882,1.0868,1.08716,-9.2,-0.08
06/04/2024 08:00,1.08901,1.0891,1.0873,1.0881,-9.1,-0.08
06/04/2024 07:00,1.08969,1.08986,1.0883,1.08896,-7.3,-0.07
06/04/2024 06:00,1.09027,1.0905,1.0895,1.08976,-5.1,-0.05
06/04/2024 05:00,1.0909,1.0911,1.0901,1.09027,-6.3,-0.06
06/04/2024 04:00,1.09072,1.091,1.0905,1.0908,0.8,0.01
06/04/2024 03:00,1.09075,1.0911,1.0905,1.0906,-1.5,-0.01
06/04/2024 02:00,1.09073,1.0909,1.0903,1.09073,0.0,0.00
06/04/2024 01:00,1.09125,1.0914,1.0906,1.09067,-5.8,-0.05
06/04/2024 00:00,1.0907,1.0916,1.0906,1.09132,6.2,0.06
06/03/2024 23:00,1.09069,1.0909,1.0905,1.0906,-0.9,-0.01
06/03/2024 22:00,1.09009,1.0911,1.09009,1.0907,6.1,0.06
06/03/2024 21:00,1.09006,1.09034,1.08987,1.0901,0.4,0.00
06/03/2024 20:00,1.08998,1.09045,1.08993,1.09039,4.1,0.04
06/03/2024 19:00,1.08974,1.09002,1.08959,1.09,2.6,0.02
06/03/2024 18:00,1.08881,1.08977,1.08865,1.08971,9.0,0.08
06/03/2024 17:00,1.08848,1.08889,1.08812,1.08878,3.0,0.03
06/03/2024 16:00,1.08894,1.08905,1.0881,1.0885,-4.4,-0.04
06/03/2024 15:00,1.08702,1.08905,1.08695,1.08897,19.5,0.18
06/03/2024 14:00,1.08593,1.08823,1.08593,1.08701,10.8,0.10
06/03/2024 13:00,1.08443,1.08539,1.08443,1.08513,7.0,0.06
06/03/2024 12:00,1.08434,1.08499,1.08401,1.08442,0.8,0.01
06/03/2024 11:00,1.08369,1.08448,1.08369,1.0843,6.1,0.06
06/03/2024 10:00,1.08349,1.08391,1.08275,1.08371,2.2,0.02
06/03/2024 09:00,1.08399,1.08414,1.08321,1.08349,-5.0,-0.05
06/03/2024 08:00,1.08398,1.08426,1.08333,1.08404,0.6,0.01
06/03/2024 07:00,1.08561,1.08586,1.08395,1.084,-16.1,-0.15
06/03/2024 06:00,1.08524,1.08587,1.08465,1.08564,4.0,0.04
06/03/2024 05:00,1.08517,1.08542,1.0848,1.08528,1.1,0.01
06/03/2024 04:00,1.08498,1.08549,1.08491,1.0852,2.2,0.02
06/03/2024 03:00,1.08542,1.08571,1.08491,1.08496,-4.6,-0.04
06/03/2024 02:00,1.08576,1.08583,1.08516,1.0854,-3.6,-0.03
06/03/2024 01:00,1.08559,1.0859,1.08544,1.08574,1.5,0.01
06/03/2024 00:00,1.08526,1.08575,1.08511,1.08561,3.5,0.03
06/02/2024 23:00,1.08512,1.08532,1.085,1.08527,1.5,0.01
06/02/2024 22:00,1.08463,1.08544,1.08463,1.08509,4.6,0.04
06/02/2024 21:00,1.08434,1.08482,1.08417,1.08458,2.4,0.02
05/31/2024 20:00,1.08509,1.08521,1.0823,1.08301,-20.8,-0.19
05/31/2024 19:00,1.08423,1.0852,1.0839,1.08509,8.6,0.08
05/31/2024 18:00,1.0847,1.08491,1.0839,1.08423,-4.7,-0.04
05/31/2024 17:00,1.08472,1.0853,1.0844,1.08469,-0.3,0.00
05/31/2024 16:00,1.08459,1.0852,1.0838,1.08471,1.2,0.01
05/31/2024 15:00,1.08558,1.08589,1.084,1.08481,-7.7,-0.07
05/31/2024 14:00,1.08684,1.08774,1.085,1.08557,-12.7,-0.12
05/31/2024 13:00,1.088,1.08806,1.0864,1.08672,-12.8,-0.12
05/31/2024 12:00,1.08526,1.0882,1.08482,1.08811,28.5,0.26
05/31/2024 11:00,1.08496,1.08551,1.0847,1.08521,2.5,0.02
05/31/2024 10:00,1.08473,1.08515,1.0843,1.08495,2.2,0.02
05/31/2024 09:00,1.08328,1.08479,1.08327,1.08466,13.8,0.13
05/31/2024 08:00,1.08225,1.08384,1.0821,1.08342,11.7,0.11
05/31/2024 07:00,1.0824,1.08251,1.0815,1.08233,-0.7,-0.01
05/31/2024 06:00,1.08195,1.0826,1.0813,1.08249,5.4,0.05
05/31/2024 05:00,1.08183,1.0822,1.0815,1.082,1.7,0.02
05/31/2024 04:00,1.08191,1.082,1.0814,1.08184,-0.7,-0.01
05/31/2024 03:00,1.08113,1.082,1.081,1.08191,7.8,0.07
05/31/2024 02:00,1.08201,1.08224,1.081,1.08118,-8.3,-0.08
05/31/2024 01:00,1.0832,1.0834,1.0819,1.08211,-10.9,-0.10
05/31/2024 00:00,1.08311,1.0834,1.0828,1.08317,0.6,0.01
05/30/2024 23:00,1.08332,1.0835,1.0829,1.0831,-2.2,-0.02
05/30/2024 22:00,1.08333,1.0835,1.0831,1.08331,-0.2,0.00
05/30/2024 21:00,1.0831,1.0835,1.082,1.0833,2,0.02
05/30/2024 20:00,1.08299,1.0835,1.0827,1.08313,1.4,0.01
05/30/2024 19:00,1.08365,1.0837,1.0826,1.08313,-5.2,-0.05
05/30/2024 18:00,1.08389,1.084,1.0834,1.08369,-2.0,-0.02
05/30/2024 17:00,1.08398,1.08431,1.0837,1.08395,-0.3,0.00
05/30/2024 16:00,1.08363,1.08421,1.0834,1.084,3.7,0.03
05/30/2024 15:00,1.08406,1.08451,1.0834,1.08361,-4.5,-0.04
05/30/2024 14:00,1.0829,1.0845,1.08279,1.08413,12.3,0.11
05/30/2024 13:00,1.08289,1.0834,1.0824,1.08277,-1.2,-0.01
05/30/2024 12:00,1.0818,1.08328,1.0811,1.08294,11.4,0.11
05/30/2024 11:00,1.08171,1.0822,1.0812,1.08183,1.2,0.01
05/30/2024 10:00,1.08125,1.0821,1.0807,1.08178,5.3,0.05
05/30/2024 09:00,1.08147,1.08183,1.081,1.08128,-1.9,-0.02
05/30/2024 08:00,1.08083,1.08184,1.0801,1.08151,6.8,0.06
05/30/2024 07:00,1.07953,1.08112,1.0792,1.08079,12.6,0.12
05/30/2024 06:00,1.07897,1.07964,1.0788,1.07953,5.6,0.05
05/30/2024 05:00,1.07957,1.0796,1.0787,1.07898,-5.9,-0.05
05/30/2024 04:00,1.0798,1.0799,1.079,1.07956,-2.4,-0.02
05/30/2024 03:00,1.07972,1.0799,1.0794,1.07975,0.3,0.00
05/30/2024 02:00,1.0798,1.08,1.0792,1.0797,-1,-0.01
05/30/2024 01:00,1.07962,1.08043,1.0794,1.07978,1.6,0.01
05/30/2024 00:00,1.08007,1.08009,1.0794,1.07959,-4.8,-0.04
05/29/2024 23:00,1.08007,1.08021,1.0798,1.08008,0.1,0.00
05/29/2024 22:00,1.08037,1.0805,1.0798,1.08003,-3.4,-0.03
05/29/2024 21:00,1.08008,1.0808,1.07891,1.08032,2.4,0.02
05/29/2024 20:00,1.08019,1.0803,1.0798,1.08003,-1.6,-0.01
05/29/2024 19:00,1.08058,1.0807,1.0798,1.08018,-4.0,-0.04
05/29/2024 18:00,1.08134,1.0816,1.0803,1.0806,-7.4,-0.07
05/29/2024 17:00,1.08154,1.0816,1.0806,1.08137,-1.7,-0.02
05/29/2024 16:00,1.08108,1.08174,1.0806,1.0815,4.2,0.04
05/29/2024 15:00,1.08144,1.08171,1.0807,1.08111,-3.3,-0.03
05/29/2024 14:00,1.08385,1.0842,1.0811,1.08145,-24.0,-0.22
05/29/2024 13:00,1.08462,1.0847,1.0831,1.08389,-7.3,-0.07
05/29/2024 12:00,1.08496,1.0859,1.0845,1.08474,-2.2,-0.02
05/29/2024 11:00,1.08466,1.0852,1.0834,1.08494,2.8,0.03
05/29/2024 10:00,1.0851,1.0853,1.0839,1.08483,-2.7,-0.02
05/29/2024 09:00,1.08366,1.08562,1.0835,1.08517,15.1,0.14
05/29/2024 08:00,1.08514,1.08514,1.0828,1.08366,-14.8,-0.14
05/29/2024 07:00,1.08521,1.0859,1.0849,1.08516,-0.5,0.00
05/29/2024 06:00,1.08451,1.0856,1.0844,1.0852,6.9,0.06
05/29/2024 05:00,1.08476,1.0849,1.0843,1.08443,-3.3,-0.03
05/29/2024 04:00,1.08471,1.0849,1.0842,1.08475,0.4,0.00
05/29/2024 03:00,1.08462,1.0849,1.0844,1.08473,1.1,0.01
05/29/2024 02:00,1.08517,1.0855,1.0844,1.08467,-5.0,-0.05
05/29/2024 01:00,1.08509,1.0857,1.0848,1.08516,0.7,0.01
05/29/2024 00:00,1.0851,1.0852,1.0846,1.08509,-0.1,0.00
05/28/2024 23:00,1.08563,1.0857,1.0849,1.08511,-5.2,-0.05
05/28/2024 22:00,1.08578,1.086,1.0853,1.08565,-1.3,-0.01
05/28/2024 21:00,1.0855,1.08601,1.08505,1.08575,2.5,0.02
05/28/2024 20:00,1.0861,1.0862,1.0854,1.08561,-4.9,-0.05
05/28/2024 19:00,1.08584,1.0862,1.0854,1.08605,2.1,0.02
05/28/2024 18:00,1.08649,1.0866,1.0853,1.0858,-6.9,-0.06
05/28/2024 17:00,1.08746,1.0876,1.0863,1.08649,-9.7,-0.09
05/28/2024 16:00,1.08778,1.0879,1.0869,1.0875,-2.8,-0.03
05/28/2024 15:00,1.08748,1.08797,1.087,1.08786,3.8,0.03
05/28/2024 14:00,1.08641,1.0877,1.0857,1.08747,10.6,0.10
05/28/2024 13:00,1.08758,1.08802,1.08636,1.08643,-11.5,-0.11
05/28/2024 12:00,1.08839,1.08846,1.0873,1.08775,-6.4,-0.06
05/28/2024 11:00,1.08783,1.08891,1.0876,1.08844,6.1,0.06
05/28/2024 10:00,1.08766,1.088,1.0874,1.08783,1.7,0.02
05/28/2024 09:00,1.08699,1.0878,1.0866,1.08773,7.4,0.07
05/28/2024 08:00,1.08772,1.088,1.0865,1.087,-7.2,-0.07
05/28/2024 07:00,1.08753,1.0879,1.087,1.0877,1.7,0.02
05/28/2024 06:00,1.08752,1.08801,1.0872,1.0874,-1.2,-0.01
05/28/2024 05:00,1.0876,1.0879,1.0871,1.0875,-1,-0.01
05/28/2024 04:00,1.08782,1.088,1.0874,1.0874,-4.2,-0.04
05/28/2024 03:00,1.08756,1.0879,1.0873,1.08781,2.5,0.02
05/28/2024 02:00,1.08722,1.0877,1.087,1.08761,3.9,0.04
05/28/2024 01:00,1.08648,1.0874,1.0862,1.08723,7.5,0.07
05/28/2024 00:00,1.08614,1.08681,1.086,1.08653,3.9,0.04
05/27/2024 23:00,1.08594,1.0862,1.0857,1.08612,1.8,0.02
05/27/2024 22:00,1.08548,1.0861,1.08548,1.0859,4.2,0.04
05/27/2024 21:00,1.0857,1.0861,1.08207,1.0856,-1,-0.01
05/27/2024 20:00,1.08596,1.0862,1.08555,1.08567,-2.9,-0.03
05/27/2024 19:00,1.08574,1.086,1.0855,1.08589,1.5,0.01
05/27/2024 18:00,1.08573,1.086,1.0855,1.08573,0.0,0.00
05/27/2024 17:00,1.08599,1.0862,1.0856,1.08574,-2.5,-0.02
05/27/2024 16:00,1.08598,1.0862,1.0857,1.086,0.2,0.00
05/27/2024 15:00,1.08584,1.086,1.0855,1.0859,0.6,0.01
05/27/2024 14:00,1.08551,1.086,1.0847,1.08586,3.5,0.03
05/27/2024 13:00,1.08492,1.0859,1.0843,1.08545,5.3,0.05
05/27/2024 12:00,1.08574,1.086,1.0839,1.0849,-8.4,-0.08
05/27/2024 11:00,1.08621,1.08641,1.0855,1.08568,-5.3,-0.05
05/27/2024 10:00,1.08668,1.08675,1.0852,1.08623,-4.5,-0.04
05/27/2024 09:00,1.08494,1.0867,1.0847,1.08652,15.8,0.15
05/27/2024 08:00,1.08505,1.0855,1.0843,1.08488,-1.7,-0.02
05/27/2024 07:00,1.08512,1.08525,1.0846,1.08507,-0.5,0.00
05/27/2024 06:00,1.08489,1.0852,1.0843,1.08512,2.3,0.02
05/27/2024 05:00,1.08485,1.085,1.0846,1.08489,0.4,0.00
05/27/2024 04:00,1.08491,1.085,1.0845,1.08486,-0.5,0.00
05/27/2024 03:00,1.08499,1.0851,1.0846,1.0849,-0.9,-0.01
05/27/2024 02:00,1.08496,1.0852,1.0846,1.08498,0.2,0.00
05/27/2024 01:00,1.08484,1.0852,1.0847,1.08497,1.3,0.01
05/27/2024 00:00,1.08464,1.085,1.0845,1.08483,1.9,0.02
05/26/2024 23:00,1.08499,1.08501,1.0845,1.08465,-3.4,-0.03
05/26/2024 22:00,1.08446,1.08512,1.08446,1.08501,5.5,0.05
05/26/2024 21:00,1.08446,1.0846,1.08403,1.08433,-1.3,-0.01
05/24/2024 20:00,1.08486,1.0851,1.08344,1.0843,-5.6,-0.05
05/24/2024 19:00,1.08494,1.085,1.0846,1.08479,-1.5,-0.01
05/24/2024 18:00,1.08519,1.0854,1.0846,1.0849,-2.9,-0.03
05/24/2024 17:00,1.08467,1.0853,1.0844,1.0852,5.3,0.05
05/24/2024 16:00,1.0851,1.0858,1.0845,1.08467,-4.3,-0.04
05/24/2024 15:00,1.0846,1.0857,1.0844,1.0851,5,0.05
05/24/2024 14:00,1.08443,1.0851,1.0841,1.0846,1.7,0.02
05/24/2024 13:00,1.08511,1.08532,1.084,1.08422,-8.9,-0.08
05/24/2024 12:00,1.08405,1.08537,1.08363,1.0851,10.5,0.10
05/24/2024 11:00,1.08401,1.0843,1.0833,1.08422,2.1,0.02
05/24/2024 10:00,1.08283,1.08443,1.0826,1.08406,12.3,0.11
05/24/2024 09:00,1.08243,1.0833,1.0822,1.08278,3.5,0.03
05/24/2024 08:00,1.0824,1.0829,1.0818,1.08256,1.6,0.01
05/24/2024 07:00,1.08134,1.08257,1.0812,1.0823,9.6,0.09
05/24/2024 06:00,1.08108,1.0818,1.0808,1.08125,1.7,0.02
05/24/2024 05:00,1.08088,1.0811,1.0806,1.08099,1.1,0.01
05/24/2024 04:00,1.08059,1.0811,1.0804,1.08088,2.9,0.03
05/24/2024 03:00,1.08085,1.08091,1.0804,1.08057,-2.8,-0.03
05/24/2024 02:00,1.08101,1.0811,1.0805,1.08084,-1.7,-0.02
05/24/2024 01:00,1.08099,1.0814,1.0806,1.08098,-0.1,0.00
05/24/2024 00:00,1.08114,1.0813,1.0806,1.08106,-0.8,-0.01
05/23/2024 23:00,1.08133,1.0815,1.081,1.0812,-1.3,-0.01
05/23/2024 22:00,1.08139,1.0816,1.0811,1.08131,-0.8,-0.01
05/23/2024 21:00,1.08145,1.0824,1.0807,1.08149,0.4,0.00
05/23/2024 20:00,1.08099,1.0818,1.0807,1.08154,5.5,0.05
05/23/2024 19:00,1.08052,1.0812,1.0803,1.081,4.8,0.04
05/23/2024 18:00,1.08118,1.0814,1.0803,1.08049,-6.9,-0.06
05/23/2024 17:00,1.08184,1.08202,1.0807,1.08109,-7.5,-0.07
05/23/2024 16:00,1.08262,1.08311,1.0816,1.08175,-8.7,-0.08
05/23/2024 15:00,1.08244,1.08306,1.0819,1.0825,0.6,0.01
05/23/2024 14:00,1.08339,1.08423,1.0822,1.08239,-10.0,-0.09
05/23/2024 13:00,1.08523,1.0861,1.0827,1.08344,-17.9,-0.17
05/23/2024 12:00,1.08506,1.08542,1.0844,1.08528,2.2,0.02
05/23/2024 11:00,1.08451,1.0853,1.0841,1.08518,6.7,0.06
05/23/2024 10:00,1.0846,1.08483,1.0842,1.0845,-1,-0.01
05/23/2024 09:00,1.08384,1.08484,1.0832,1.08466,8.2,0.08
05/23/2024 08:00,1.08284,1.08448,1.0827,1.08382,9.8,0.09
05/23/2024 07:00,1.08268,1.08345,1.08107,1.08298,3.0,0.03
05/23/2024 06:00,1.08238,1.0828,1.082,1.08277,3.9,0.04
05/23/2024 05:00,1.08264,1.08282,1.0821,1.0821,-5.4,-0.05
05/23/2024 04:00,1.08301,1.08323,1.0826,1.08271,-3.0,-0.03
05/23/2024 01:00,1.08256,1.0831,1.0823,1.08273,1.7,0.02
05/23/2024 00:00,1.0825,1.083,1.0823,1.08252,0.2,0.00
05/22/2024 23:00,1.08251,1.0829,1.0822,1.08248,-0.3,0.00
05/22/2024 22:00,1.08234,1.0826,1.0822,1.0825,1.6,0.01
05/22/2024 21:00,1.08224,1.0826,1.08167,1.08227,0.3,0.00
05/22/2024 20:00,1.08209,1.0824,1.0818,1.08219,1.0,0.01
05/22/2024 19:00,1.08212,1.0822,1.0816,1.08208,-0.4,0.00
05/22/2024 18:00,1.0837,1.08381,1.0817,1.08214,-15.6,-0.14
05/22/2024 17:00,1.08426,1.0847,1.08339,1.08365,-6.1,-0.06
05/22/2024 16:00,1.08359,1.08441,1.0834,1.0842,6.1,0.06
05/22/2024 15:00,1.08336,1.08422,1.0832,1.0836,2.4,0.02
05/22/2024 14:00,1.08357,1.084,1.083,1.0833,-2.7,-0.02
05/22/2024 13:00,1.08316,1.0841,1.083,1.08363,4.7,0.04
05/22/2024 12:00,1.08272,1.0837,1.0825,1.08326,5.4,0.05
05/22/2024 11:00,1.08374,1.08384,1.082,1.08271,-10.3,-0.10
05/22/2024 10:00,1.08436,1.0846,1.0835,1.0838,-5.6,-0.05
05/22/2024 09:00,1.08486,1.085,1.0839,1.08439,-4.7,-0.04
05/22/2024 08:00,1.08576,1.08582,1.0845,1.08489,-8.7,-0.08
05/22/2024 07:00,1.08614,1.08635,1.0849,1.08564,-5.0,-0.05
05/22/2024 06:00,1.08559,1.08633,1.0855,1.0861,5.1,0.05
05/22/2024 05:00,1.08531,1.0857,1.085,1.08558,2.7,0.02
05/22/2024 04:00,1.08556,1.0857,1.0851,1.08537,-1.9,-0.02
05/22/2024 03:00,1.08588,1.086,1.0852,1.08556,-3.2,-0.03
05/22/2024 02:00,1.08596,1.08633,1.0855,1.0859,-0.6,-0.01
05/22/2024 01:00,1.08572,1.0862,1.0854,1.0858,0.8,0.01
05/22/2024 00:00,1.08536,1.086,1.0852,1.0857,3.4,0.03
05/21/2024 23:00,1.08573,1.086,1.0853,1.08544,-2.9,-0.03
05/21/2024 22:00,1.08543,1.0859,1.08539,1.0856,1.7,0.02
05/21/2024 21:00,1.0853,1.0862,1.08426,1.0855,2,0.02
05/21/2024 20:00,1.08557,1.0857,1.0852,1.08536,-2.1,-0.02
05/21/2024 19:00,1.08518,1.0857,1.0849,1.08559,4.1,0.04
05/21/2024 18:00,1.08529,1.0856,1.0849,1.085,-2.9,-0.03
05/21/2024 17:00,1.08536,1.0855,1.0845,1.0852,-1.6,-0.01
05/21/2024 16:00,1.08533,1.0857,1.085,1.0854,0.7,0.01
05/21/2024 15:00,1.08591,1.08611,1.0851,1.08537,-5.4,-0.05
05/21/2024 14:00,1.08501,1.0862,1.0844,1.08604,10.3,0.09
05/21/2024 13:00,1.08568,1.08605,1.08423,1.08496,-7.2,-0.07
05/21/2024 12:00,1.08685,1.0871,1.0853,1.08579,-10.6,-0.10
05/21/2024 11:00,1.08666,1.087,1.0863,1.08677,1.1,0.01
05/21/2024 10:00,1.08715,1.08732,1.0864,1.08664,-5.1,-0.05
05/21/2024 09:00,1.08666,1.0876,1.0865,1.0872,5.4,0.05
05/21/2024 08:00,1.08645,1.08695,1.0858,1.08669,2.4,0.02
05/21/2024 07:00,1.08616,1.0867,1.0858,1.08647,3.1,0.03
05/21/2024 06:00,1.08582,1.08636,1.0855,1.08612,3.0,0.03
05/21/2024 05:00,1.08589,1.0862,1.0855,1.08591,0.2,0.00
05/21/2024 04:00,1.08556,1.086,1.0854,1.0859,3.4,0.03
05/21/2024 03:00,1.08555,1.0857,1.0852,1.0854,-1.5,-0.01
05/21/2024 02:00,1.08555,1.08565,1.0849,1.08552,-0.3,0.00
05/21/2024 01:00,1.08613,1.0862,1.0854,1.0857,-4.3,-0.04
05/21/2024 00:00,1.08601,1.0862,1.0855,1.08608,0.7,0.01
05/20/2024 23:00,1.08586,1.0862,1.0857,1.086,1.4,0.01
05/20/2024 22:00,1.08597,1.0862,1.0855,1.0857,-2.7,-0.02
05/20/2024 21:00,1.0855,1.086,1.0852,1.08576,2.6,0.02
05/20/2024 20:00,1.08597,1.086,1.0855,1.08559,-3.8,-0.04
05/20/2024 19:00,1.08646,1.0866,1.0857,1.08596,-5.0,-0.05
05/20/2024 18:00,1.0864,1.0867,1.0859,1.08643,0.3,0.00
05/20/2024 17:00,1.0865,1.0871,1.0861,1.0864,-1,-0.01
05/20/2024 16:00,1.08607,1.08661,1.0857,1.08657,5.0,0.05
05/20/2024 15:00,1.08645,1.0865,1.0856,1.08605,-4.0,-0.04
05/20/2024 14:00,1.08649,1.087,1.0861,1.08646,-0.3,0.00
05/20/2024 13:00,1.08574,1.08674,1.0857,1.08654,8.0,0.07
05/20/2024 12:00,1.08596,1.08631,1.0853,1.0858,-1.6,-0.01
05/20/2024 11:00,1.08706,1.0872,1.0858,1.08597,-10.9,-0.10
05/20/2024 10:00,1.0869,1.0874,1.0867,1.0871,2,0.02
05/20/2024 09:00,1.08744,1.0875,1.0865,1.0869,-5.4,-0.05
05/20/2024 08:00,1.08729,1.08763,1.0869,1.08761,3.2,0.03
05/20/2024 07:00,1.08779,1.0881,1.0868,1.08728,-5.1,-0.05
05/20/2024 06:00,1.08804,1.08843,1.0876,1.08784,-2.0,-0.02
05/20/2024 05:00,1.08804,1.0883,1.0878,1.08805,0.1,0.00
05/20/2024 04:00,1.08779,1.08823,1.0876,1.088,2.1,0.02
05/20/2024 03:00,1.08738,1.0879,1.0871,1.0878,4.2,0.04
05/20/2024 02:00,1.08751,1.0876,1.087,1.0874,-1.1,-0.01
05/20/2024 01:00,1.0875,1.08765,1.087,1.08754,0.4,0.00
05/20/2024 00:00,1.08723,1.08772,1.0867,1.08744,2.1,0.02
05/19/2024 23:00,1.08703,1.0874,1.08702,1.0873,2.7,0.02
05/19/2024 22:00,1.08711,1.08711,1.08696,1.08703,-0.8,-0.01
05/17/2024 20:00,1.08724,1.0873,1.08625,1.08625,-9.9,-0.09
05/17/2024 19:00,1.08754,1.08765,1.08703,1.08726,-2.8,-0.03
05/17/2024 18:00,1.08736,1.08769,1.08719,1.08757,2.1,0.02
05/17/2024 17:00,1.08683,1.08745,1.08682,1.08734,5.1,0.05
05/17/2024 16:00,1.08687,1.08746,1.08671,1.08688,0.1,0.00
05/17/2024 15:00,1.08764,1.08785,1.08653,1.08686,-7.8,-0.07
05/17/2024 14:00,1.08552,1.0877,1.08549,1.0876,20.8,0.19
05/17/2024 13:00,1.0843,1.08567,1.0843,1.08554,12.4,0.11
05/17/2024 12:00,1.08434,1.0846,1.08386,1.08427,-0.7,-0.01
05/17/2024 11:00,1.08383,1.08456,1.08354,1.08431,4.8,0.04
05/17/2024 10:00,1.08444,1.08448,1.08358,1.08379,-6.5,-0.06
05/17/2024 09:00,1.0844,1.0847,1.08408,1.08449,0.9,0.01
05/17/2024 08:00,1.08588,1.08596,1.08414,1.08443,-14.5,-0.13
05/17/2024 07:00,1.08624,1.08686,1.08571,1.08585,-3.9,-0.04
05/17/2024 06:00,1.08606,1.08666,1.0858,1.08626,2.0,0.02
05/17/2024 05:00,1.0856,1.08625,1.08554,1.08611,5.1,0.05
05/17/2024 04:00,1.0859,1.08597,1.08554,1.08563,-2.7,-0.02
05/17/2024 03:00,1.08572,1.08615,1.08566,1.08591,1.9,0.02
05/17/2024 02:00,1.08596,1.08607,1.08541,1.08569,-2.7,-0.02
05/17/2024 01:00,1.08626,1.08639,1.08572,1.08594,-3.2,-0.03
05/17/2024 00:00,1.08676,1.08688,1.08597,1.0863,-4.6,-0.04
05/16/2024 23:00,1.0868,1.08681,1.08657,1.08679,-0.1,0.00
05/16/2024 22:00,1.08669,1.08694,1.08661,1.0868,1.1,0.01
05/16/2024 21:00,1.08631,1.08676,1.08619,1.08664,3.3,0.03
05/16/2024 20:00,1.08671,1.08676,1.08644,1.08672,0.1,0.00
05/16/2024 19:00,1.08707,1.08707,1.08665,1.08669,-3.8,-0.03
05/16/2024 18:00,1.0871,1.08718,1.08655,1.08709,-0.1,0.00
05/16/2024 17:00,1.08735,1.08758,1.08681,1.08706,-2.9,-0.03
05/16/2024 16:00,1.0875,1.08756,1.08698,1.08734,-1.6,-0.01
05/16/2024 15:00,1.08704,1.08759,1.08666,1.08753,4.9,0.05
05/16/2024 14:00,1.08559,1.08703,1.08542,1.08703,14.4,0.13
05/16/2024 13:00,1.08631,1.08669,1.08545,1.08557,-7.4,-0.07
05/16/2024 12:00,1.08665,1.08744,1.08603,1.08632,-3.3,-0.03
05/16/2024 11:00,1.08723,1.08749,1.08616,1.08665,-5.8,-0.05
05/16/2024 10:00,1.087,1.08739,1.08664,1.08724,2.4,0.02
05/16/2024 09:00,1.08731,1.08751,1.08687,1.08697,-3.4,-0.03
05/16/2024 08:00,1.08748,1.08759,1.08661,1.0873,-1.8,-0.02
05/16/2024 07:00,1.08759,1.08822,1.0873,1.0875,-0.9,-0.01
05/16/2024 06:00,1.08795,1.08829,1.08745,1.08762,-3.3,-0.03
05/16/2024 05:00,1.08852,1.08852,1.08792,1.08796,-5.6,-0.05
05/16/2024 04:00,1.08868,1.08873,1.08839,1.08845,-2.3,-0.02
05/16/2024 03:00,1.08872,1.08895,1.08855,1.08874,0.2,0.00
05/16/2024 02:00,1.08863,1.08885,1.08812,1.08872,0.9,0.01
05/16/2024 01:00,1.08934,1.08941,1.08841,1.08868,-6.6,-0.06
05/16/2024 00:00,1.08885,1.08951,1.08863,1.08935,5.0,0.05
05/15/2024 23:00,1.08894,1.08903,1.08873,1.08883,-1.1,-0.01
05/15/2024 22:00,1.08836,1.089,1.08833,1.08888,5.2,0.05
05/15/2024 21:00,1.08842,1.08853,1.08777,1.08832,-1.0,-0.01
05/15/2024 20:00,1.08817,1.08862,1.08813,1.08839,2.2,0.02
05/15/2024 19:00,1.08785,1.0883,1.08774,1.08818,3.3,0.03
05/15/2024 18:00,1.08801,1.08806,1.08726,1.08781,-2.0,-0.02
05/15/2024 17:00,1.08723,1.08803,1.08712,1.08799,7.6,0.07
05/15/2024 16:00,1.086,1.08739,1.08559,1.08717,11.7,0.11
05/15/2024 15:00,1.08577,1.08748,1.08555,1.08597,2.0,0.02
05/15/2024 14:00,1.08351,1.08602,1.0834,1.08572,22.1,0.20
05/15/2024 13:00,1.08572,1.0866,1.08313,1.08353,-21.9,-0.20
05/15/2024 12:00,1.08293,1.08688,1.0826,1.0861,31.7,0.29
05/15/2024 11:00,1.08244,1.08294,1.08217,1.08291,4.7,0.04
05/15/2024 10:00,1.08281,1.083,1.08233,1.08244,-3.7,-0.03
05/15/2024 09:00,1.08296,1.08321,1.08246,1.08279,-1.7,-0.02
05/15/2024 08:00,1.08256,1.08348,1.08242,1.08297,4.1,0.04
05/15/2024 07:00,1.08305,1.08327,1.08251,1.08262,-4.3,-0.04
05/15/2024 06:00,1.08269,1.08308,1.08224,1.08306,3.7,0.03
05/15/2024 05:00,1.08218,1.08282,1.08209,1.08268,5.0,0.05
05/15/2024 04:00,1.0826,1.08263,1.08204,1.08214,-4.6,-0.04
05/15/2024 03:00,1.08253,1.08278,1.08248,1.08259,0.6,0.01
05/15/2024 02:00,1.08225,1.08266,1.08196,1.08251,2.6,0.02
05/15/2024 01:00,1.08169,1.08229,1.08162,1.08227,5.8,0.05
05/15/2024 00:00,1.08138,1.08179,1.08129,1.08168,3.0,0.03
05/14/2024 23:00,1.08165,1.0817,1.08134,1.08138,-2.7,-0.02
05/14/2024 22:00,1.08173,1.08182,1.08158,1.08168,-0.5,0.00
05/14/2024 21:00,1.08166,1.08196,1.08149,1.08168,0.2,0.00
05/14/2024 20:00,1.08205,1.08213,1.08175,1.08196,-0.9,-0.01
05/14/2024 19:00,1.08197,1.0822,1.08191,1.082,0.3,0.00
05/14/2024 18:00,1.08191,1.08233,1.08185,1.08196,0.5,0.00
05/14/2024 17:00,1.08166,1.08202,1.08154,1.08194,2.8,0.03
05/14/2024 16:00,1.08186,1.08202,1.08137,1.08169,-1.7,-0.02
05/14/2024 15:00,1.08248,1.08248,1.08148,1.08186,-6.2,-0.06
05/14/2024 14:00,1.08191,1.08258,1.08097,1.08243,5.2,0.05
05/14/2024 13:00,1.08028,1.08227,1.08005,1.08189,16.1,0.15
05/14/2024 12:00,1.07925,1.08104,1.07674,1.08032,10.7,0.10
05/14/2024 11:00,1.07961,1.07991,1.07923,1.07925,-3.6,-0.03
05/14/2024 10:00,1.07927,1.07991,1.0792,1.07963,3.6,0.03
05/14/2024 09:00,1.07833,1.07936,1.07833,1.07927,9.4,0.09
05/14/2024 08:00,1.07871,1.07872,1.07751,1.07835,-3.6,-0.03
05/14/2024 07:00,1.07879,1.07892,1.07855,1.07874,-0.5,0.00
05/14/2024 06:00,1.07862,1.07897,1.07827,1.07878,1.6,0.01
05/14/2024 05:00,1.07854,1.07872,1.07841,1.07858,0.4,0.00
05/14/2024 04:00,1.07878,1.07889,1.07851,1.07857,-2.1,-0.02
05/14/2024 03:00,1.07865,1.07882,1.0785,1.07874,0.9,0.01
05/14/2024 02:00,1.07872,1.07876,1.07843,1.07869,-0.3,0.00
05/14/2024 01:00,1.07875,1.07899,1.07841,1.07875,0.0,0.00
05/14/2024 00:00,1.07921,1.07924,1.07849,1.07873,-4.8,-0.04
05/13/2024 23:00,1.07898,1.07938,1.07893,1.07919,2.1,0.02
05/13/2024 22:00,1.07898,1.07906,1.07885,1.07898,0.0,0.00
05/13/2024 21:00,1.07869,1.07898,1.07864,1.07892,2.3,0.02
05/13/2024 20:00,1.07889,1.07901,1.07879,1.07897,0.8,0.01
05/13/2024 19:00,1.07896,1.07903,1.07864,1.07887,-0.9,-0.01
05/13/2024 18:00,1.07917,1.07938,1.07889,1.07895,-2.2,-0.02
05/13/2024 17:00,1.07935,1.07942,1.07866,1.07914,-2.1,-0.02
05/13/2024 16:00,1.07951,1.07992,1.07929,1.07931,-2.0,-0.02
05/13/2024 15:00,1.08041,1.08042,1.07891,1.07953,-8.8,-0.08
05/13/2024 14:00,1.08043,1.08056,1.07956,1.08039,-0.4,0.00
05/13/2024 13:00,1.07985,1.08068,1.07967,1.0804,5.5,0.05
05/13/2024 12:00,1.07893,1.07998,1.07886,1.0798,8.7,0.08
05/13/2024 11:00,1.07816,1.07947,1.07809,1.07889,7.3,0.07
05/13/2024 10:00,1.07825,1.07851,1.07771,1.07816,-0.9,-0.01
05/13/2024 09:00,1.07835,1.07888,1.07814,1.07826,-0.9,-0.01
05/13/2024 08:00,1.07757,1.07847,1.07734,1.07834,7.7,0.07
05/13/2024 07:00,1.07699,1.07801,1.07689,1.07758,5.9,0.05
05/13/2024 06:00,1.0773,1.0776,1.07686,1.07699,-3.1,-0.03
05/13/2024 05:00,1.07696,1.0775,1.07693,1.07734,3.8,0.04
05/13/2024 04:00,1.07713,1.07728,1.07689,1.07694,-1.9,-0.02
05/13/2024 03:00,1.07711,1.07724,1.07689,1.07716,0.5,0.00
05/13/2024 02:00,1.07688,1.07725,1.07657,1.07711,2.3,0.02
05/13/2024 01:00,1.07696,1.07733,1.07667,1.07692,-0.4,0.00
05/13/2024 00:00,1.07705,1.07725,1.0768,1.07694,-1.1,-0.01
05/12/2024 23:00,1.07733,1.07755,1.07698,1.07706,-2.7,-0.03
05/12/2024 22:00,1.07697,1.07732,1.07697,1.07726,2.9,0.03
05/12/2024 21:00,1.07661,1.07706,1.07647,1.07698,3.7,0.03
05/10/2024 20:00,1.07717,1.07724,1.07682,1.07693,-2.4,-0.02
05/10/2024 19:00,1.07739,1.0776,1.07714,1.07716,-2.3,-0.02
05/10/2024 18:00,1.07738,1.07745,1.07696,1.07738,0.0,0.00
05/10/2024 17:00,1.07758,1.07777,1.07731,1.07744,-1.4,-0.01
05/10/2024 16:00,1.07725,1.07796,1.07693,1.07759,3.4,0.03
05/10/2024 15:00,1.07636,1.07725,1.07624,1.07719,8.3,0.08
05/10/2024 14:00,1.07821,1.07894,1.07602,1.07641,-18.0,-0.17
05/10/2024 13:00,1.07698,1.07903,1.07693,1.07868,17.0,0.16
05/10/2024 12:00,1.07792,1.07815,1.0766,1.077,-9.2,-0.09
05/10/2024 11:00,1.07786,1.07807,1.07749,1.07794,0.8,0.01
05/10/2024 10:00,1.07797,1.07821,1.07752,1.07783,-1.4,-0.01
05/10/2024 09:00,1.07807,1.07864,1.0779,1.07796,-1.1,-0.01
05/10/2024 08:00,1.07811,1.07869,1.07771,1.07809,-0.2,0.00
05/10/2024 07:00,1.07771,1.0784,1.07761,1.07812,4.1,0.04
05/10/2024 06:00,1.07755,1.07831,1.07715,1.07767,1.2,0.01
05/10/2024 05:00,1.07737,1.07771,1.07736,1.07756,1.9,0.02
05/10/2024 04:00,1.07759,1.0777,1.07735,1.07741,-1.8,-0.02
05/10/2024 03:00,1.07743,1.07768,1.07736,1.07758,1.5,0.01
05/10/2024 02:00,1.0776,1.07778,1.07729,1.07742,-1.8,-0.02
05/10/2024 01:00,1.07795,1.07828,1.07756,1.07763,-3.2,-0.03
05/10/2024 00:00,1.07819,1.07824,1.07764,1.0779,-2.9,-0.03
05/09/2024 23:00,1.0785,1.07854,1.07811,1.07819,-3.1,-0.03
05/09/2024 22:00,1.07806,1.07859,1.07806,1.07845,3.9,0.04
05/09/2024 21:00,1.07797,1.07831,1.07725,1.0781,1.3,0.01
05/09/2024 20:00,1.07816,1.07837,1.07809,1.07813,-0.3,0.00
05/09/2024 19:00,1.07816,1.07845,1.07806,1.07825,0.9,0.01
05/09/2024 18:00,1.07772,1.07827,1.07751,1.07815,4.3,0.04
05/09/2024 17:00,1.07756,1.07806,1.07735,1.07773,1.7,0.02
05/09/2024 16:00,1.07705,1.07781,1.07701,1.07761,5.6,0.05
05/09/2024 15:00,1.07756,1.07818,1.07691,1.07703,-5.3,-0.05
05/09/2024 14:00,1.07637,1.07802,1.07627,1.07759,12.2,0.11
05/09/2024 13:00,1.0759,1.07677,1.07505,1.07634,4.4,0.04
05/09/2024 12:00,1.07271,1.07624,1.07269,1.07594,32.3,0.30
05/09/2024 11:00,1.07344,1.07363,1.0723,1.07272,-7.2,-0.07
05/09/2024 10:00,1.07304,1.07385,1.07301,1.07345,4.1,0.04
05/09/2024 09:00,1.07284,1.07318,1.07259,1.07306,2.2,0.02
05/09/2024 08:00,1.07346,1.07354,1.07257,1.07283,-6.3,-0.06
05/09/2024 07:00,1.07374,1.07415,1.07294,1.07348,-2.6,-0.02
05/09/2024 06:00,1.07436,1.07447,1.07358,1.07372,-6.4,-0.06
05/09/2024 05:00,1.0745,1.07467,1.07419,1.07435,-1.5,-0.01
05/09/2024 04:00,1.0748,1.07507,1.07448,1.07453,-2.7,-0.03
05/09/2024 03:00,1.07476,1.07518,1.07462,1.07478,0.2,0.00
05/09/2024 02:00,1.07479,1.07484,1.07451,1.07476,-0.3,0.00
05/09/2024 01:00,1.0743,1.07488,1.0742,1.07478,4.8,0.04
05/09/2024 00:00,1.07471,1.07474,1.07422,1.07433,-3.8,-0.04
05/08/2024 23:00,1.0749,1.07495,1.07458,1.0747,-2,-0.02
05/08/2024 22:00,1.07485,1.07507,1.07483,1.07491,0.6,0.01
05/08/2024 21:00,1.0743,1.07487,1.07423,1.07487,5.7,0.05
05/08/2024 20:00,1.07451,1.07485,1.07438,1.0748,2.9,0.03
05/08/2024 19:00,1.07452,1.07465,1.0743,1.07452,0.0,0.00
05/08/2024 18:00,1.07434,1.07471,1.07408,1.07453,1.9,0.02
05/08/2024 17:00,1.07456,1.07471,1.07406,1.07432,-2.4,-0.02
05/08/2024 16:00,1.07548,1.0755,1.07443,1.07458,-9.0,-0.08
05/08/2024 15:00,1.07489,1.07576,1.07439,1.07547,5.8,0.05
05/08/2024 14:00,1.07505,1.07551,1.0746,1.07493,-1.2,-0.01
05/08/2024 13:00,1.07487,1.0754,1.0746,1.07507,2.0,0.02
05/08/2024 12:00,1.07465,1.07492,1.07397,1.07489,2.4,0.02
05/08/2024 11:00,1.07487,1.07537,1.07435,1.07462,-2.5,-0.02
05/08/2024 10:00,1.07513,1.07536,1.07484,1.07488,-2.5,-0.02
05/08/2024 09:00,1.07442,1.07526,1.07441,1.07512,7.0,0.07
05/08/2024 08:00,1.07385,1.07449,1.07348,1.0744,5.5,0.05
05/08/2024 07:00,1.07444,1.07463,1.0737,1.07387,-5.7,-0.05
05/08/2024 06:00,1.07406,1.07493,1.07405,1.07447,4.1,0.04
05/08/2024 05:00,1.07412,1.07421,1.07385,1.07405,-0.7,-0.01
05/08/2024 04:00,1.0741,1.07424,1.07393,1.07413,0.3,0.00
05/08/2024 03:00,1.07414,1.07438,1.07383,1.07411,-0.3,0.00
05/08/2024 02:00,1.074,1.07425,1.07378,1.07409,0.9,0.01
05/08/2024 01:00,1.0748,1.07488,1.07401,1.07402,-7.8,-0.07
05/08/2024 00:00,1.07498,1.07544,1.07467,1.07476,-2.2,-0.02
05/07/2024 23:00,1.07514,1.07515,1.07468,1.075,-1.4,-0.01
05/07/2024 22:00,1.07553,1.07561,1.07505,1.07512,-4.1,-0.04
05/07/2024 21:00,1.0752,1.07556,1.07463,1.07553,3.3,0.03
05/07/2024 20:00,1.07563,1.07566,1.07542,1.07548,-1.5,-0.01
05/07/2024 19:00,1.07515,1.07579,1.07513,1.07566,5.1,0.05
05/07/2024 18:00,1.07566,1.07568,1.07479,1.07511,-5.5,-0.05
05/07/2024 17:00,1.07707,1.07708,1.07561,1.07566,-14.1,-0.13
05/07/2024 16:00,1.07668,1.07744,1.07661,1.07701,3.3,0.03
05/07/2024 15:00,1.07777,1.07829,1.07663,1.07665,-11.2,-0.10
05/07/2024 14:00,1.07805,1.07828,1.07726,1.07779,-2.6,-0.02
05/07/2024 13:00,1.07755,1.07875,1.07738,1.07809,5.4,0.05
05/07/2024 12:00,1.07667,1.07795,1.07642,1.07754,8.7,0.08
05/07/2024 11:00,1.0769,1.07704,1.07624,1.07665,-2.5,-0.02
05/07/2024 10:00,1.07592,1.07697,1.0758,1.07688,9.6,0.09
05/07/2024 09:00,1.07639,1.0764,1.0754,1.07594,-4.5,-0.04
05/07/2024 08:00,1.07641,1.0766,1.0754,1.07637,-0.4,0.00
05/07/2024 07:00,1.07633,1.07697,1.0759,1.0762,-1.3,-0.01
05/07/2024 06:00,1.07581,1.07643,1.0753,1.07632,5.1,0.05
05/07/2024 05:00,1.07657,1.07693,1.0756,1.07572,-8.5,-0.08
05/07/2024 04:00,1.07682,1.0769,1.0761,1.07653,-2.9,-0.03
05/07/2024 03:00,1.07636,1.0769,1.0761,1.0767,3.4,0.03
05/07/2024 02:00,1.0766,1.0767,1.0759,1.07633,-2.7,-0.03
05/07/2024 01:00,1.07749,1.0777,1.0762,1.07655,-9.4,-0.09
05/07/2024 00:00,1.07703,1.07762,1.0768,1.07751,4.8,0.04
05/06/2024 22:00,1.07685,1.0773,1.0768,1.0769,0.5,0.00
05/06/2024 21:00,1.07646,1.0771,1.07613,1.0769,4.4,0.04
05/06/2024 20:00,1.07671,1.0771,1.0765,1.077,2.9,0.03
